{
  "name": "bootstrap-tagsinput",
  "version": "0.5.0",
  "title": "Bootstrap Tags Input",
  "author": {
    "name": "Tim Schlechter"
  },
  "licenses": [
    {
      "type": "MIT",
      "url": "http://opensource.org/licenses/MIT"
    }
  ],
  "dependencies": {
    "jquery": "*"
  },
  "description": "jQuery plugin providing a Twitter Bootstrap user interface for managing tags.",
  "keywords": [
    "tags",
    "bootstrap",
    "input",
    "select",
    "form"
  ],
  "download": "http://timschlechter.github.io/bootstrap-tagsinput/build/bootstrap-tagsinput.zip",
  "homepage": "http://timschlechter.github.io/bootstrap-tagsinput/examples/"
}